Date;SO2
2010-01-04;1.74
2010-01-05;1.99
2010-01-06;4.18
2010-01-07;5.2
2010-01-08;2.66
2010-01-09;1.42
2010-01-10;1.14
2010-01-11;1.37
2010-01-12;1.6
2010-01-13;5.72
2010-01-14;3.67
2010-01-15;3.31
2010-01-16;3.11
2010-01-17;3.67
2010-01-18;4.0
2010-01-19;4.94
2010-01-20;4.79
2010-01-21;3.94
2010-01-22;6.58
2010-01-23;4.03
2010-01-24;3.31
2010-01-25;4.01
2010-01-26;5.45
2010-01-27;4.41
2010-01-28;6.38
2010-01-29;3.93
2010-01-30;3.06
2010-01-31;2.38
2010-02-01;5.85
2010-02-02;6.56
2010-02-03;3.41
2010-02-04;2.74
2010-02-05;3.13
2010-02-06;3.78
2010-02-07;7.54
2010-02-08;6.84
2010-02-09;2.89
2010-02-10;2.73
2010-02-11;3.45
2010-02-12;5.83
2010-02-13;8.09
2010-02-14;6.32
2010-02-15;6.49
2010-02-16;7.15
2010-02-17;4.65
2010-02-18;5.3
2010-02-19;5.01
2010-02-20;5.18
2010-02-21;5.42
2010-02-22;9.64
2010-02-23;4.11
2010-02-24;4.89
2010-02-25;6.02
2010-02-26;5.38
2010-02-27;4.56
2010-02-28;4.36
2010-03-01;5.05
2010-03-02;5.02
2010-03-03;6.67
2010-03-04;6.99
2010-03-05;7.35
2010-03-06;8.09
2010-03-07;5.18
2010-03-08;6.33
2010-03-09;8.22
2010-03-10;8.57
2010-03-11;8.51
2010-03-12;9.14
2010-03-13;9.38
2010-03-14;9.5
2010-03-15;8.88
2010-03-16;11.7
2010-03-17;16.6
2010-03-18;14.93
2010-03-19;6.24
2010-03-20;7.26
2010-03-21;7.66
2010-03-22;8.4
2010-03-23;10.17
2010-03-24;9.54
2010-03-25;10.31
2010-03-26;24.09
2010-03-27;26.24
2010-03-28;17.05
2010-03-29;22.5
2010-03-30;12.88
2010-03-31;11.07
2010-04-01;23.84
2010-04-02;18.98
2010-04-03;17.64
2010-04-04;13.48
2010-04-05;14.73
2010-04-06;15.04
2010-04-07;19.86
2010-04-08;13.07
2010-04-09;13.11
2010-04-10;16.53
2010-04-11;14.38
2010-04-12;10.93
2010-04-13;16.81
2010-04-14;14.31
2010-04-15;22.49
2010-04-16;16.54
2010-04-17;14.57
2010-04-18;8.69
2010-04-19;8.23
2010-04-20;9.95
2010-04-21;7.48
2010-04-22;15.36
2010-04-23;15.54
2010-04-24;21.02
2010-04-25;23.36
2010-04-26;17.75
2010-04-28;11.38
2010-04-29;10.38
2010-04-30;4.17
2010-05-01;6.36
2010-05-02;3.91
2010-05-03;9.05
2010-05-04;9.55
2010-05-05;8.42
2010-05-06;4.31
2010-05-07;5.93
2010-05-08;8.32
2010-05-09;8.23
2010-05-10;10.42
2010-05-11;7.47
2010-05-12;13.84
2010-05-13;11.79
2010-05-14;8.98
2010-05-15;25.41
2010-05-16;10.8
2010-05-17;15.52
2010-05-18;10.58
2010-05-19;12.65
2010-05-20;13.0
2010-05-21;16.69
2010-05-22;21.87
2010-05-23;13.03
2010-05-24;5.45
2010-05-25;2.5
2010-05-26;6.88
2010-05-27;3.05
2010-05-28;1.48
2010-05-29;1.58
2010-05-30;1.78
2010-05-31;3.57
2010-06-01;4.42
2010-06-02;6.71
2010-06-03;2.2
2010-06-04;1.4
2010-06-05;1.57
2010-06-06;1.12
2010-06-07;1.17
2010-06-08;1.48
2010-06-09;1.22
2010-06-10;1.67
2010-06-11;5.08
2010-06-12;4.49
2010-06-13;5.95
2010-06-14;2.91
2010-06-15;4.03
2010-06-16;3.96
2010-06-17;3.47
2010-06-18;7.63
2010-06-19;9.54
2010-06-20;6.42
2010-06-21;1.13
2010-06-23;4.29
2010-06-24;3.03
2010-06-25;1.69
2010-06-26;1.27
2010-06-27;2.5
2010-06-28;5.09
2010-06-29;4.95
2010-06-30;5.55
2010-07-01;8.59
2010-07-02;7.74
2010-07-03;7.71
2010-07-04;3.12
2010-07-05;2.64
2010-07-06;2.74
2010-07-07;2.82
2010-07-08;2.8293877551020405
2010-07-09;2.8387755102040813
2010-07-10;2.8481632653061224
2010-07-11;2.857551020408163
2010-07-12;2.866938775510204
2010-07-13;2.8763265306122445
2010-07-14;2.8857142857142857
2010-07-15;2.8951020408163264
2010-07-16;2.904489795918367
2010-07-17;2.913877551020408
2010-07-18;2.923265306122449
2010-07-19;2.9326530612244897
2010-07-20;2.9420408163265304
2010-07-21;2.951428571428571
2010-07-22;2.960816326530612
2010-07-23;2.970204081632653
2010-07-24;2.9795918367346936
2010-07-25;2.9889795918367343
2010-07-26;2.9983673469387755
2010-07-27;3.007755102040816
2010-07-28;3.017142857142857
2010-07-29;3.0265306122448976
2010-07-30;3.0359183673469388
2010-07-31;3.0453061224489795
2010-08-01;3.05469387755102
2010-08-02;3.064081632653061
2010-08-03;3.073469387755102
2010-08-04;3.0828571428571427
2010-08-05;3.0922448979591834
2010-08-06;3.101632653061224
2010-08-07;3.1110204081632653
2010-08-08;3.120408163265306
2010-08-09;3.1297959183673467
2010-08-10;3.1391836734693874
2010-08-11;3.1485714285714286
2010-08-12;3.1579591836734693
2010-08-13;3.16734693877551
2010-08-14;3.1767346938775507
2010-08-15;3.186122448979592
2010-08-16;3.1955102040816326
2010-08-17;3.2048979591836733
2010-08-18;3.214285714285714
2010-08-19;3.223673469387755
2010-08-20;3.233061224489796
2010-08-21;3.2424489795918365
2010-08-22;3.2518367346938772
2010-08-23;3.2612244897959184
2010-08-24;3.270612244897959
2010-08-25;3.28
2010-08-26;4.89
2010-08-27;5.08
2010-08-28;4.65
2010-08-29;4.95
2010-08-30;5.28
2010-08-31;5.1
2010-09-01;4.9
2010-09-02;5.19
2010-09-03;4.78
2010-09-04;5.25
2010-09-05;5.13
2010-09-06;5.95
2010-09-07;4.72
2010-09-08;4.56
2010-09-09;5.31
2010-09-10;4.87
2010-09-11;5.1
2010-09-12;4.78
2010-09-13;4.9
2010-09-14;5.21
2010-09-15;5.14
2010-09-16;5.05
2010-09-17;5.08
2010-09-18;5.23
2010-09-19;4.72
2010-09-20;5.35
2010-09-21;3.79
2010-09-22;1.59
2010-09-23;1.03
2010-09-24;1.538888888888889
2010-09-25;2.047777777777778
2010-09-26;2.5566666666666666
2010-09-27;3.065555555555556
2010-09-28;3.5744444444444445
2010-09-29;4.083333333333334
2010-09-30;4.592222222222222
2010-10-01;5.101111111111112
2010-10-02;5.61
2010-10-03;6.67
2010-10-04;6.77
2010-10-05;20.88
2010-10-06;27.08
2010-10-07;25.67
2010-10-08;24.36
2010-10-09;8.9
2010-10-10;10.05
2010-10-11;7.17
2010-10-12;4.2
2010-10-13;2.93
2010-10-14;3.04
2010-10-15;3.49
2010-10-16;4.06
2010-10-17;3.59
2010-10-18;3.7
2010-10-19;3.76
2010-10-20;3.98
2010-10-21;3.56
2010-10-22;4.45
2010-10-23;4.48
2010-10-24;4.17
2010-10-25;3.91
2010-10-26;4.07
2010-10-27;4.26
2010-10-28;3.55
2010-10-29;3.35
2010-10-30;4.69
2010-10-31;4.23
2010-11-01;3.48
2010-11-02;3.4
2010-11-03;3.98
2010-11-04;2.44
2010-11-05;7.9
2010-11-06;13.14
2010-11-07;7.64
2010-11-08;7.97
2010-11-09;8.71
2010-11-10;5.51
2010-11-11;5.92
2010-11-12;12.71
2010-11-13;15.75
2010-11-14;14.07
2010-11-15;5.81
2010-11-16;4.73
2010-11-17;5.6
2010-11-18;3.33
2010-11-19;4.54
2010-11-20;3.18
2010-11-21;4.85
2010-11-22;5.02
2010-11-23;3.88
2010-11-24;5.69
2010-11-25;4.52
2010-11-26;3.7
2010-11-27;2.99
2010-11-28;4.78
2010-11-29;4.82
2010-11-30;4.22
2010-12-01;5.0
2010-12-02;5.92
2010-12-03;4.7
2010-12-04;6.08
2010-12-05;5.97
2010-12-06;5.5
2010-12-07;5.36
2010-12-08;2.64
2010-12-09;2.26
2010-12-10;2.35
2010-12-11;2.01
2010-12-12;2.0
2010-12-13;2.0
2010-12-14;2.0
2010-12-15;2.0
2010-12-16;2.0
2010-12-17;2.0
2010-12-18;34.665
2010-12-19;67.33
2010-12-20;30.41
2010-12-21;26.68
2010-12-22;31.42
2010-12-23;20.29
2010-12-24;21.17
2010-12-25;12.78
2010-12-26;11.88
2010-12-27;11.38
2010-12-28;18.01
2010-12-29;12.54
2010-12-30;13.69
2010-12-31;9.02
2011-01-01;5.56
2011-01-02;4.12
2011-01-03;6.37
2011-01-04;9.03
2011-01-05;7.13
2011-01-06;6.46
2011-01-07;8.85
2011-01-08;14.54
2011-01-09;9.68
2011-01-10;9.34
2011-01-11;9.95
2011-01-12;15.18
2011-01-13;15.05
2011-01-14;14.6
2011-01-15;9.02
2011-01-16;8.42
2011-01-17;8.54
2011-01-18;12.56
2011-01-19;10.22
2011-01-20;11.91
2011-01-21;13.61
2011-01-22;10.55
2011-01-23;24.83
2011-01-24;16.37
2011-01-25;16.69
2011-01-26;22.21
2011-01-27;15.44
2011-01-28;18.52
2011-01-29;18.91
2011-01-30;15.8
2011-01-31;2.97
2011-02-01;3.04
2011-02-02;2.6
2011-02-03;3.98
2011-02-04;4.17
2011-02-05;6.61
2011-02-06;7.67
2011-02-07;7.79
2011-02-08;6.52
2011-02-09;6.02
2011-02-10;6.89
2011-02-11;6.56
2011-02-12;7.58
2011-02-13;11.54
2011-02-14;9.46
2011-02-15;5.44
2011-02-16;6.69
2011-02-17;5.18
2011-02-18;5.39
2011-02-19;7.46
2011-02-20;7.71
2011-02-21;5.5
2011-02-22;6.0
2011-02-23;7.69
2011-02-24;8.73
2011-02-25;6.69
2011-02-26;5.52
2011-02-27;6.3
2011-02-28;5.89
2011-03-01;6.41
2011-03-02;8.75
2011-03-03;5.69
2011-03-04;5.03
2011-03-05;5.76
2011-03-06;5.02
2011-03-07;5.21
2011-03-08;5.56
2011-03-09;5.91
2011-03-10;10.24
2011-03-11;6.95
2011-03-12;5.92
2011-03-13;5.95
2011-03-14;5.69
2011-03-15;6.43
2011-03-16;6.47
2011-03-17;5.02
2011-03-18;6.5
2011-03-19;5.1
2011-03-20;4.77
2011-03-21;4.84
2011-03-22;6.38
2011-03-23;6.79
2011-03-24;6.46
2011-03-25;5.9
2011-03-26;5.17
2011-03-27;4.85
2011-03-28;7.89
2011-03-29;6.39
2011-03-30;5.77
2011-03-31;5.86
2011-04-01;5.44
2011-04-02;6.15
2011-04-03;6.71
2011-04-04;8.23
2011-04-05;8.09
2011-04-06;8.45
2011-04-07;8.47
2011-04-08;7.74
2011-04-09;8.24
2011-04-10;7.54
2011-04-11;6.46
2011-04-12;7.72
2011-04-13;8.37
2011-04-14;5.82
2011-04-15;6.1
2011-04-16;6.03
2011-04-17;4.21
2011-04-18;3.92
2011-04-19;4.33
2011-04-20;5.57
2011-04-21;5.34
2011-04-22;3.93
2011-04-23;3.88
2011-04-24;4.98
2011-04-25;4.53
2011-04-26;4.55
2011-04-27;3.83
2011-04-28;3.84
2011-04-29;4.1
2011-04-30;3.81
2011-05-01;3.96
2011-05-05;3.88
2011-05-06;3.49
2011-05-07;3.51
2011-05-08;4.2
2011-05-09;4.24
2011-05-10;3.4
2011-05-11;3.79
2011-05-12;3.67
2011-05-13;3.71
2011-05-14;4.7
2011-05-15;3.61
2011-05-16;4.77
2011-05-17;3.62
2011-05-18;3.39
2011-05-19;3.54
2011-05-20;1.84
2011-05-21;2.24
2011-05-22;1.86
2011-05-23;2.05
2011-05-24;1.85
2011-05-25;2.04
2011-05-26;1.93
2011-05-27;1.88
2011-05-28;1.89
2011-05-29;2.23
2011-05-30;2.14
2011-05-31;2.01
2011-06-01;1.82
2011-06-02;1.96
2011-06-03;2.4
2011-06-04;2.32
2011-06-05;3.31
2011-06-06;2.82
2011-06-07;3.15
2011-06-08;2.995
2011-06-09;2.84
2011-06-10;2.39
2011-06-11;2.01
2011-06-12;2.6
2011-06-13;2.8
2011-06-14;3.32
2011-06-15;2.8
2011-06-16;3.06
2011-06-17;3.18
2011-06-18;4.09
2011-06-19;3.6
2011-06-20;3.07
2011-06-21;4.14
2011-06-22;3.23
2011-06-23;7.76
2011-06-24;3.1
2011-06-25;3.53
2011-06-26;2.97
2011-06-27;17.78
2011-06-28;4.91
2011-06-29;8.21
2011-06-30;5.85
2011-07-01;5.54
2011-07-02;6.16
2011-07-03;5.65
2011-07-04;5.48
2011-07-05;5.7
2011-07-06;5.36
2011-07-07;5.31
2011-07-08;5.44
2011-07-09;5.55
2011-07-10;5.02
2011-07-11;5.47
2011-07-12;5.8
2011-07-13;5.59
2011-07-14;5.31
2011-07-15;5.03
2011-07-16;5.42
2011-07-17;5.4
2011-07-18;5.29
2011-07-19;4.3
2011-07-20;1.68
2011-07-21;1.78
2011-07-22;1.32
2011-07-23;1.8
2011-07-24;1.63
2011-07-25;1.79
2011-07-26;1.71
2011-07-27;1.7
2011-07-28;1.83
2011-07-29;1.39
2011-07-30;1.88
2011-07-31;1.31
2011-08-01;1.71
2011-08-02;2.12
2011-08-05;5.31
2011-08-06;6.23
2011-08-07;5.98
2011-08-08;6.12
2011-08-09;6.0
2011-08-10;5.44
2011-08-11;3.07
2011-08-12;3.7
2011-08-13;3.36
2011-08-14;3.18
2011-08-15;3.3
2011-08-16;3.22
2011-08-17;2.75
2011-08-18;6.54
2011-08-19;3.51
2011-08-20;2.94
2011-08-21;3.06
2011-08-22;3.14
2011-08-23;3.26
2011-08-24;3.15
2011-08-25;3.18
2011-08-26;3.2
2011-08-27;3.37
2011-08-28;3.21
2011-08-29;2.82
2011-08-30;4.63
2011-08-31;7.46
2011-09-01;2.81
2011-09-02;3.43
2011-09-03;3.49
2011-09-04;4.59
2011-09-05;4.55
2011-09-06;4.24
2011-09-07;3.65
2011-09-08;4.12
2011-09-09;4.19
2011-09-10;5.61
2011-09-11;4.02
2011-09-12;3.49
2011-09-13;4.47
2011-09-14;3.68
2011-09-15;4.34
2011-09-16;3.96
2011-09-17;4.39
2011-09-18;3.98
2011-09-19;3.82
2011-09-20;3.68
2011-09-21;4.37
2011-09-22;3.96
2011-09-23;4.27
2011-09-24;4.35
2011-09-25;3.92
2011-09-26;4.07
2011-09-27;3.93
2011-09-28;4.01
2011-09-29;2.59
2011-09-30;1.21
2011-10-01;1.01
2011-10-02;1.165
2011-10-03;1.3199999999999998
2011-10-04;1.4749999999999999
2011-10-05;1.63
2011-10-06;1.09
2011-10-07;1.0866666666666667
2011-10-08;1.0833333333333335
2011-10-09;1.08
2011-10-10;1.23
2011-10-11;1.8125
2011-10-12;2.395
2011-10-13;2.9775
2011-10-14;3.56
2011-10-15;4.1425
2011-10-16;4.725
2011-10-17;5.307500000000001
2011-10-18;5.89
2011-10-19;7.03
2011-10-20;7.03
2011-10-21;9.45
2011-10-22;5.68
2011-10-23;11.14
2011-10-24;7.67
2011-10-25;6.18
2011-10-26;4.99
2011-10-27;5.76
2011-10-28;10.03
2011-10-29;11.32
2011-10-30;8.32
2011-10-31;10.08
2011-11-01;14.12
2011-11-02;12.35
2011-11-03;14.24
2011-11-04;16.44
2011-11-05;13.81
2011-11-06;7.04
2011-11-07;10.48
2011-11-08;13.34
2011-11-09;6.71
2011-11-10;5.41
2011-11-11;5.2
2011-11-12;14.23
2011-11-13;19.85
2011-11-14;37.02
2011-11-15;28.59
2011-11-16;18.38
2011-11-17;17.25
2011-11-18;23.82
2011-11-19;12.65
2011-11-20;22.2
2011-11-21;49.87
2011-11-22;43.8
2011-11-23;32.04
2011-11-24;32.88
2011-11-25;25.41
2011-11-26;5.99
2011-11-27;8.29
2011-11-28;6.18
2011-11-29;4.73
2011-11-30;6.23
2011-12-01;13.9
2011-12-02;12.41
2011-12-03;5.53
2011-12-04;6.52
2011-12-05;7.15
2011-12-06;8.0
2011-12-07;5.5
2011-12-08;7.64
2011-12-09;5.43
2011-12-10;4.37
2011-12-11;4.61
2011-12-12;5.76
2011-12-13;6.49
2011-12-14;5.45
2011-12-15;6.35
2011-12-16;7.18
2011-12-17;6.06
2011-12-18;8.03
2011-12-19;7.706666666666666
2011-12-20;7.383333333333333
2011-12-23;7.06
2011-12-24;6.04
2011-12-25;6.67
2011-12-26;8.16
2011-12-27;9.59
2011-12-28;13.08
2011-12-29;4.79
2011-12-30;5.338
2011-12-31;5.886
2012-01-01;6.434
2012-01-02;6.982
2012-01-03;7.53
2012-01-04;8.03
2012-01-05;5.5
2012-01-06;4.48
2012-01-07;3.54
2012-01-08;4.76
2012-01-09;4.36
2012-01-10;6.39
2012-01-11;7.14
2012-01-12;6.58
2012-01-13;8.19
2012-01-14;7.32
2012-01-15;11.4
2012-01-16;6.31
2012-01-17;3.69
2012-01-18;4.19
2012-01-19;6.48
2012-01-20;5.76
2012-01-21;5.4
2012-01-22;6.46
2012-01-23;7.41
2012-01-24;5.52
2012-01-25;6.83
2012-01-26;7.2
2012-01-27;11.39
2012-01-28;11.2
2012-01-29;3.64
2012-01-30;5.92
2012-01-31;3.77
2012-02-01;2.99
2012-02-02;4.27
2012-02-03;5.27
2012-02-04;4.9
2012-02-05;3.76
2012-02-06;3.98
2012-02-07;4.44
2012-02-08;5.48
2012-02-09;5.33
2012-02-10;5.59
2012-02-11;5.13
2012-02-12;6.31
2012-02-13;4.78
2012-02-14;6.9
2012-02-15;5.72
2012-02-16;4.58
2012-02-18;5.26
2012-02-19;6.07
2012-02-20;5.03
2012-02-21;6.29
2012-02-22;6.24
2012-02-23;7.31
2012-02-24;7.19
2012-02-25;5.59
2012-02-26;6.26
2012-02-27;6.65
2012-02-28;6.97
2012-02-29;5.37
2012-03-01;4.68
2012-03-02;5.79
2012-03-03;21.89
2012-03-07;4.69
2012-03-08;7.43
2012-03-09;10.87
2012-03-11;10.39
2012-03-12;11.2
2012-03-13;10.38
2012-03-14;14.48
2012-03-17;16.7
2012-03-18;23.27
2012-03-21;12.92
2012-03-22;14.09
2012-03-23;20.06
2012-03-24;15.33
2012-03-25;22.92
2012-03-26;30.97
2012-03-27;40.54
2012-03-28;36.05
2012-03-29;12.52
2012-03-30;18.91
2012-03-31;23.45
2012-04-01;19.68
2012-04-03;34.17
2012-04-04;33.18
2012-04-05;27.9
2012-04-06;28.6
2012-04-07;59.88
2012-04-08;67.63
2012-04-09;54.93
2012-04-10;19.29
2012-04-11;2.63
2012-04-12;3.6
2012-04-13;5.47
2012-04-14;5.62
2012-04-15;12.48
2012-04-16;14.53
2012-04-17;12.33
2012-04-20;27.48
2012-04-22;2.21
2012-04-23;4.07
2012-04-25;11.13
2012-04-26;8.97
2012-04-27;7.09
2012-04-28;8.04
2012-04-29;4.31
2012-04-30;4.02
2012-05-01;4.71
2012-05-02;5.14
2012-05-03;4.6
2012-05-04;6.14
2012-05-05;3.93
2012-05-07;3.22
2012-05-08;4.36
2012-05-09;4.31
2012-05-10;5.38
2012-05-14;3.05
2012-05-15;4.42
2012-05-16;5.78
2012-05-17;3.39
2012-05-18;3.6
2012-05-19;4.01
2012-05-20;4.41
2012-05-21;3.42
2012-05-22;5.52
2012-05-23;5.69
2012-05-24;4.84
2012-05-25;6.85
2012-05-26;3.42
2012-05-27;5.01
2012-05-28;3.7
2012-05-29;7.78
2012-05-30;4.74
2012-05-31;6.72
2012-06-01;5.52
2012-06-02;3.76
2012-06-03;2.35
2012-06-04;2.94
2012-06-05;2.57
2012-06-06;3.39
2012-06-07;3.79
2012-06-08;3.25
2012-06-09;3.65
2012-06-10;2.67
2012-06-11;3.88
2012-06-12;7.29
2012-06-13;4.05
2012-06-14;6.03
2012-06-15;8.74
2012-06-16;3.47
2012-06-17;8.08
2012-06-18;3.05
2012-06-19;2.31
2012-06-20;3.69
2012-06-21;5.63
2012-06-22;1.62
2012-06-23;2.02
2012-06-24;5.21
2012-06-25;1.23
2012-06-26;1.275
2012-06-27;1.32
2012-06-28;2.86
2012-06-29;2.65
2012-06-30;5.02
2012-07-01;4.97
2012-07-02;4.51
2012-07-03;3.57
2012-07-04;2.74
2012-07-05;2.11
2012-07-06;2.67
2012-07-07;2.11
2012-07-08;2.7
2012-07-09;2.29
2012-07-10;2.74
2012-07-11;2.37
2012-07-12;2.38
2012-07-13;3.9
2012-07-14;3.43
2012-07-15;2.52
2012-07-16;1.41
2012-07-17;1.4
2012-07-18;3.34
2012-07-19;1.44
2012-07-20;3.79
2012-07-21;4.18
2012-07-22;6.56
2012-07-23;4.98
2012-07-24;5.84
2012-07-25;6.03
2012-07-26;6.01
2012-07-27;6.43
2012-07-28;6.32
2012-07-29;5.23
2012-07-30;6.06
2012-07-31;4.47
2012-08-01;3.425
2012-08-02;2.38
2012-08-03;1.53
2012-08-04;2.68
2012-08-05;1.43
2012-08-06;1.41
2012-08-07;1.28
2012-08-08;1.61
2012-08-09;1.8900000000000001
2012-08-10;2.17
2012-08-11;2.4499999999999997
2012-08-12;2.7299999999999995
2012-08-13;3.01
2012-08-14;2.49
2012-08-15;2.75
2012-08-16;2.44
2012-08-17;2.95
2012-08-18;3.27
2012-08-19;2.85
2012-08-20;2.48
2012-08-21;4.57
2012-08-22;4.79
2012-08-23;5.29
2012-08-24;6.08
2012-08-25;7.23
2012-08-26;3.81
2012-08-27;4.31
2012-08-28;5.19
2012-08-29;3.54
2012-08-30;5.07
2012-08-31;3.39
2012-09-01;3.07
2012-09-02;3.79
2012-09-03;6.89
2012-09-04;7.61
2012-09-05;3.24
2012-09-06;2.47
2012-09-07;1.87
2012-09-08;2.15
2012-09-09;2.5
2012-09-10;7.95
2012-09-11;5.91
2012-09-12;4.46
2012-09-13;5.18
2012-09-14;5.95
2012-09-15;6.03
2012-09-16;3.88
2012-09-17;3.67
2012-09-18;5.08
2012-09-20;3.55
2012-09-21;3.47
2012-09-22;5.11
2012-09-23;5.4
2012-09-24;3.74
2012-09-25;3.86
2012-09-26;4.91
2012-09-27;4.32
2012-09-28;3.89
2012-10-03;11.6
2012-10-04;2.07
2012-10-05;10.34
2012-10-06;13.74
2012-10-07;12.146666666666667
2012-10-08;10.553333333333333
2012-10-09;8.96
2012-10-10;7.366666666666666
2012-10-11;5.7733333333333325
2012-10-15;4.18
2012-10-16;3.91
2012-10-17;6.44
2012-10-18;9.9
2012-10-19;9.53
2012-10-20;30.034999999999997
2012-10-28;50.54
2012-10-29;7.39
2012-10-30;10.78
2012-10-31;5.71
2012-11-01;17.56
2012-11-02;10.55
2012-11-03;10.87
2012-11-04;24.48
2012-11-05;23.27
2012-11-06;7.52
2012-11-07;15.29
2012-11-08;75.23
2012-11-09;25.14
2012-11-10;22.0
2012-11-11;18.86
2012-11-12;14.4
2012-11-13;33.79
2012-11-14;23.33
2012-11-15;40.49
2012-11-16;18.2
2012-11-27;22.34
2012-11-28;11.51
2012-11-29;7.34
2012-11-30;6.07
2012-12-01;9.05
2012-12-02;6.95
2012-12-03;2.54
2012-12-04;5.56
2012-12-05;10.14
2012-12-06;2.07
2012-12-08;42.52
2012-12-09;26.27
2012-12-10;33.75
2012-12-11;24.91
2012-12-12;15.94
2012-12-14;10.08
2012-12-15;20.11
2012-12-16;21.36
2012-12-17;16.42
2012-12-18;11.15
2012-12-19;9.0
2012-12-20;2.62
2012-12-21;5.69
2012-12-24;6.67
2012-12-25;4.56
2012-12-26;10.39
2012-12-27;3.37
2012-12-28;5.65
2012-12-29;4.08
2012-12-30;5.32
2012-12-31;4.6
2013-01-01;2.95
2013-01-02;4.85
2013-01-03;5.16
2013-01-04;4.65
2013-01-05;4.54
2013-01-06;5.06
2013-01-07;4.41
2013-01-08;4.43
2013-01-09;7.46
2013-01-10;10.69
2013-01-11;10.88
2013-01-12;13.21
2013-01-13;9.54
2013-01-14;8.83
2013-01-15;10.96
2013-01-16;17.06
2013-01-17;12.15
2013-01-18;12.63
2013-01-19;12.95
2013-01-20;13.09
2013-01-21;11.91
2013-01-22;13.75
2013-01-23;11.83
2013-01-24;8.92
2013-01-25;8.9
2013-01-26;8.28
2013-01-27;8.5
2013-01-28;9.96
2013-01-29;8.68
2013-01-30;9.42
2013-01-31;9.78
2013-02-01;10.38
2013-02-02;10.56
2013-02-03;10.39
2013-02-04;9.17
2013-02-05;11.42
2013-02-06;10.75
2013-02-07;12.35
2013-02-08;10.47
2013-02-09;12.13
2013-02-10;11.92
2013-02-11;12.49
2013-02-12;12.54
2013-02-13;11.11
2013-02-14;18.71
2013-02-15;12.65
2013-02-16;10.92
2013-02-17;12.39
2013-02-18;10.7
2013-02-19;10.64
2013-02-20;11.88
2013-02-21;10.85
2013-02-22;14.06
2013-02-23;11.43
2013-02-24;9.32
2013-02-25;2.04
2013-02-26;3.55
2013-02-27;5.16
2013-02-28;3.62
2013-03-01;1.15
2013-03-02;3.02
2013-03-03;1.85
2013-03-04;2.99
2013-03-05;3.97
2013-03-06;4.235
2013-03-07;4.5
2013-03-08;6.93
2013-03-09;7.63
2013-03-10;11.2
2013-03-11;11.1
2013-03-12;15.08
2013-03-13;12.31
2013-03-14;30.68
2013-03-15;12.92
2013-03-18;7.8
2013-03-19;20.31
2013-03-20;19.15
2013-03-21;18.43
2013-03-22;21.98
2013-03-23;17.59
2013-03-24;15.77
2013-03-25;17.33
2013-03-26;16.82
2013-03-27;17.87
2013-03-28;15.94
2013-03-29;15.94
2013-03-30;16.19
2013-03-31;15.18
2013-04-01;15.32
2013-04-02;16.33
2013-04-03;16.18
2013-04-04;15.13
2013-04-05;15.17
2013-04-06;16.19
2013-04-07;14.66
2013-04-08;16.69
2013-04-09;15.76
2013-04-10;2.94
2013-04-11;8.55
2013-04-12;15.5
2013-04-13;15.36
2013-04-14;21.42
2013-04-15;59.48
2013-04-16;48.84
2013-04-17;13.71
2013-04-18;5.5
2013-04-19;9.08
2013-04-20;4.54
2013-04-21;2.62
2013-04-22;2.12
2013-04-23;4.83
2013-04-24;7.29
2013-04-25;11.04
2013-04-26;10.58
2013-04-27;10.84
2013-04-28;13.59
2013-04-29;18.6
2013-04-30;37.56
2013-05-01;11.2
2013-05-02;9.76
2013-05-03;14.82
2013-05-04;11.95
2013-05-05;9.64
2013-05-06;13.38
2013-05-07;6.1
2013-05-08;3.26
2013-05-13;7.28
2013-05-14;8.4
2013-05-15;9.89
2013-05-16;8.37
2013-05-18;8.64
2013-05-19;8.19
2013-05-20;9.37
2013-05-21;11.23
2013-05-22;11.29
2013-05-23;7.97
2013-05-24;6.18
2013-05-25;9.47
2013-05-26;8.54
2013-05-27;8.43
2013-05-28;9.86
2013-05-29;11.64
2013-05-30;10.91
2013-05-31;10.75
2013-06-01;8.79
2013-06-02;7.23
2013-06-03;7.08
2013-06-04;9.57
2013-06-05;6.63
2013-06-06;5.63
2013-06-07;8.4
2013-06-08;9.93
2013-06-09;8.74
2013-06-10;10.75
2013-06-11;10.73
2013-06-12;9.02
2013-06-13;9.75
2013-06-14;12.27
2013-06-15;7.82
2013-06-16;9.29
2013-06-17;9.04
2013-06-18;9.05
2013-06-19;9.61
2013-06-20;6.28
2013-06-21;3.85
2013-06-22;27.67
2013-06-23;7.03
2013-06-24;7.54
2013-06-25;11.09
2013-06-26;2.93
2013-06-27;4.84
2013-06-28;7.41
2013-06-29;7.92
2013-06-30;7.85
2013-07-01;9.89
2013-07-02;9.7
2013-07-03;8.34
2013-07-04;6.09
2013-07-05;6.6
2013-07-06;8.06
2013-07-07;8.99
2013-07-08;11.91
2013-07-09;7.48
2013-07-10;5.38
2013-07-11;16.86
2013-07-12;9.98
2013-07-13;10.41
2013-07-14;17.26
2013-07-15;14.25
2013-07-16;23.59
2013-07-17;12.16
2013-07-18;18.04
2013-07-19;13.33
2013-07-20;21.18
2013-07-21;22.04
2013-07-22;11.75
2013-07-23;17.3
2013-07-24;14.58
2013-07-25;16.61
2013-07-26;21.61
2013-07-27;11.74
2013-07-28;13.26
2013-07-29;12.99
2013-07-30;12.61
2013-07-31;16.65
2013-08-01;14.45
2013-08-02;17.59
2013-08-03;29.22
2013-08-04;24.25
2013-08-05;19.28
2013-08-06;14.31
2013-08-07;14.69
2013-08-08;20.7
2013-08-09;12.21
2013-08-10;13.66
2013-08-11;13.79
2013-08-12;13.6
2013-08-13;17.79
2013-08-14;10.04
2013-08-15;15.47
2013-08-16;16.96
2013-08-17;22.49
2013-08-18;9.73
2013-08-19;17.75
2013-08-20;21.14
2013-08-21;8.22
2013-08-22;5.05
2013-08-23;3.43
2013-08-24;11.42
2013-08-25;7.67
2013-08-26;10.54
2013-08-27;10.42
2013-08-28;11.04
2013-08-30;18.64
2013-08-31;7.44
2013-09-01;12.07
2013-09-02;7.75
2013-09-03;9.41
2013-09-04;19.22
2013-09-05;10.69
2013-09-06;6.43
2013-09-07;9.01
2013-09-08;3.18
2013-09-09;5.13
2013-09-10;10.13
2013-09-11;4.34
2013-09-12;6.43
2013-09-13;8.05
2013-09-14;6.26
2013-09-15;8.89
2013-09-16;7.46
2013-09-17;9.89
2013-09-18;13.25
2013-09-19;9.12
2013-09-20;10.61
2013-09-21;12.54
2013-09-22;12.56
2013-09-23;12.31
2013-09-24;10.97
2013-09-25;13.52
2013-09-26;12.85
2013-09-27;10.87
2013-09-28;12.7
2013-09-29;11.66
2013-09-30;11.84
2013-10-01;14.25
2013-10-02;12.64
2013-10-03;11.83
2013-10-04;13.58
2013-10-05;12.11
2013-10-06;10.92
2013-10-07;11.81
2013-10-08;11.52
2013-10-09;11.64
2013-10-10;11.08
2013-10-11;12.57
2013-10-12;10.76
2013-10-13;10.98
2013-10-14;8.68
2013-10-15;10.46
2013-10-16;9.2
2013-10-17;9.27
2013-10-18;8.23
2013-10-19;8.95
2013-10-20;8.62
2013-10-21;8.38
2013-10-22;6.64
2013-10-23;6.5
2013-10-24;7.55
2013-10-25;4.82
2013-10-26;5.0
2013-10-27;3.79
2013-10-28;4.6
2013-10-29;8.1
2013-10-30;9.37
2013-10-31;9.95
2013-11-01;13.97
2013-11-02;8.14
2013-11-03;6.02
2013-11-04;36.05
2013-11-05;2.23
2013-11-06;4.89
2013-11-07;8.66
2013-11-08;10.86
2013-11-09;10.55
2013-11-10;7.93
2013-11-11;18.1
2013-11-12;19.86
2013-11-13;20.33
2013-11-14;20.32
2013-11-15;25.41
2013-11-16;25.66
2013-11-17;17.67
2013-11-18;12.34
2013-11-19;18.53
2013-11-20;25.18
2013-11-21;31.34
2013-11-22;28.78
2013-11-23;25.7
2013-11-24;14.23
2013-11-25;11.99
2013-11-26;11.72
2013-11-27;56.59
2013-11-28;54.51
2013-11-29;50.2
2013-11-30;37.94
2013-12-01;37.5
2013-12-02;33.09
2013-12-03;55.08
2013-12-04;61.56
2013-12-05;22.02
2013-12-06;68.73
2013-12-07;61.39
2013-12-08;95.81
2013-12-09;57.08
2013-12-10;49.79
2013-12-11;28.5
2013-12-12;8.64
2013-12-13;24.08
2013-12-14;18.42
2013-12-15;11.92
2013-12-16;17.59
2013-12-17;19.47
2013-12-18;36.31
2013-12-19;36.36
2013-12-20;31.36
2013-12-21;22.91
2013-12-22;35.67
2013-12-23;17.41
2013-12-24;37.25
2013-12-25;38.19
2013-12-26;31.21
2013-12-27;36.23
2013-12-28;20.28
2013-12-29;22.55
2013-12-30;33.0
2013-12-31;28.71
2014-01-01;33.89
2014-01-02;17.62
2014-01-03;23.07
2014-01-04;40.95
2014-01-05;66.6
2014-01-06;24.39
2014-01-07;34.77
2014-01-08;32.23
2014-01-09;44.98
2014-01-10;14.75
2014-01-11;16.93
2014-01-12;25.32
2014-01-13;11.29
2014-01-14;22.04
2014-01-15;17.92
2014-01-16;15.42
2014-01-17;13.09
2014-01-18;19.68
2014-01-19;12.12
2014-01-20;17.2
2014-01-21;9.41
2014-01-22;13.96
2014-01-23;10.3
2014-01-24;17.08
2014-01-25;14.4
2014-01-26;14.82
2014-01-27;12.4
2014-01-28;13.24
2014-01-29;13.47
2014-01-30;11.27
2014-01-31;13.11
2014-02-01;14.26
2014-02-02;14.9
2014-02-03;16.05
2014-02-04;15.28
2014-02-05;8.9
2014-02-06;15.53
2014-02-07;11.58
2014-02-08;10.97
2014-02-09;11.61
2014-02-10;2.85
2014-02-11;2.89
2014-02-12;7.12
2014-02-13;7.37
2014-02-14;8.81
2014-02-15;8.42
2014-02-16;7.97
2014-02-17;8.47
2014-02-18;8.68
2014-02-19;9.17
2014-02-20;7.62
2014-02-21;4.97
2014-02-22;6.47
2014-02-23;6.25
2014-02-24;6.84
2014-02-25;7.01
2014-02-26;7.61
2014-02-27;6.27
2014-02-28;7.17
2014-03-01;7.35
2014-03-02;7.45
2014-03-03;6.46
2014-03-04;9.56
2014-03-05;7.28
2014-03-06;7.98
2014-03-07;7.41
2014-03-08;6.61
2014-03-09;7.44
2014-03-10;7.53
2014-03-11;5.47
2014-03-12;6.05
2014-03-13;6.31
2014-03-14;9.04
2014-03-15;7.82
2014-03-16;8.37
2014-03-17;5.68
2014-03-18;5.46
2014-03-19;6.56
2014-03-20;7.56
2014-03-21;7.31
2014-03-22;7.68
2014-03-23;5.64
2014-03-24;6.83
2014-03-25;8.32
2014-03-26;5.86
2014-03-27;6.59
2014-03-28;7.26
2014-03-29;6.75
2014-03-30;7.06
2014-03-31;8.42
2014-04-01;8.21
2014-04-02;8.92
2014-04-03;6.57
2014-04-04;6.27
2014-04-05;6.75
2014-04-06;7.64
2014-04-07;6.35
2014-04-08;5.01
2014-04-09;6.33
2014-04-10;5.66
2014-04-11;7.96
2014-04-12;7.24
2014-04-13;5.98
2014-04-14;6.87
2014-04-15;8.23
2014-04-16;5.84
2014-04-17;6.34
2014-04-18;6.76
2014-04-19;7.02
2014-04-20;7.08
2014-04-21;7.97
2014-04-22;6.94
2014-04-23;8.64
2014-04-24;7.52
2014-04-25;8.13
2014-04-26;9.56
2014-04-27;6.48
2014-04-28;7.07
2014-04-29;7.96
2014-04-30;7.05
2014-05-01;8.41
2014-05-02;6.09
2014-05-03;6.5
2014-05-05;6.89
2014-05-06;6.87
2014-05-07;7.01
2014-05-08;6.22
2014-05-09;7.14
2014-05-10;6.85
2014-05-11;6.6
2014-05-12;7.13
2014-05-13;6.47
2014-05-14;21.33
2014-05-15;11.87
2014-05-16;7.34
2014-05-17;7.43
2014-05-18;8.51
2014-05-19;9.87
2014-05-20;11.21
2014-05-21;9.69
2014-05-22;8.56
2014-05-23;8.89
2014-05-24;8.43
2014-05-25;6.8
2014-05-26;8.7
2014-05-27;7.54
2014-05-28;8.84
2014-05-29;12.28
2014-05-31;8.78
2014-06-01;8.3
2014-06-02;10.92
2014-06-03;9.44
2014-06-04;10.99
2014-06-05;10.41
2014-06-06;11.95
2014-06-07;10.55
2014-06-08;10.27
2014-06-09;10.03
2014-06-10;9.85
2014-06-11;11.19
2014-06-12;11.46
2014-06-13;10.37
2014-06-14;10.89
2014-06-15;9.54
2014-06-16;11.14
2014-06-17;11.4
2014-06-18;11.56
2014-06-19;9.75
2014-06-20;9.98
2014-06-21;10.22
2014-06-22;9.41
2014-06-23;10.04
2014-06-24;10.9
2014-06-25;10.7
2014-06-26;10.44
2014-06-27;8.86
2014-06-28;9.73
2014-06-30;7.62
2014-07-01;7.58
2014-07-02;7.16
2014-07-03;9.83
2014-07-04;8.12
2014-07-05;10.22
2014-07-06;11.47
2014-07-07;8.66
2014-07-08;8.39
2014-07-09;8.24
2014-07-10;7.44
2014-07-11;4.72
2014-07-12;3.04
2014-07-13;3.41
2014-07-14;4.15
2014-07-15;2.96
2014-07-16;2.82
2014-07-17;3.1
2014-07-18;2.55
2014-07-21;3.36
2014-07-22;4.02
2014-07-23;3.28
2014-07-24;2.37
2014-07-25;4.16
2014-07-26;3.35
2014-07-27;2.95
2014-07-28;3.97
2014-07-29;2.85
2014-07-30;4.12
2014-07-31;3.57
2014-08-01;2.87
2014-08-02;5.03
2014-08-03;2.51
2014-08-04;2.655
2014-08-05;2.8
2014-08-06;3.28
2014-08-07;2.85
2014-08-08;2.97
2014-08-09;4.18
2014-08-10;4.6
2014-08-11;3.12
2014-08-12;1.91
2014-08-13;3.68
2014-08-14;3.1933333333333334
2014-08-15;2.706666666666667
2014-08-16;2.22
2014-08-17;4.05
2014-08-18;3.98
2014-08-19;4.15
2014-08-20;3.9
2014-08-21;3.84
2014-08-22;4.16
2014-08-23;4.0
2014-08-24;4.0
2014-08-25;3.98
2014-08-26;3.91
2014-08-27;3.92
2014-08-28;4.17
2014-08-29;7.68
2014-08-30;9.05
2014-08-31;10.87
2014-09-01;7.76
2014-09-02;9.7
2014-09-03;8.52
2014-09-04;7.14
2014-09-05;8.15
2014-09-06;9.16
2014-09-07;10.16
2014-09-08;8.13
2014-09-09;8.97
2014-09-10;7.85
2014-09-11;7.69
2014-09-13;5.95
2014-09-14;7.63
2014-09-15;7.13
2014-09-16;7.86
2014-09-17;8.68
2014-09-18;7.77
2014-09-19;6.8
2014-09-20;7.66
2014-09-21;7.82
2014-09-22;7.54
2014-09-23;9.17
2014-09-24;8.6
2014-09-25;9.4
2014-09-26;9.32
2014-09-27;7.57
2014-09-28;7.02
2014-09-29;8.68
2014-09-30;13.41
2014-10-01;12.04
2014-10-02;9.22
2014-10-03;9.9
2014-10-04;10.02
2014-10-05;12.29
2014-10-06;12.72
2014-10-07;11.61
2014-10-08;7.11
2014-10-09;8.98
2014-10-10;9.59
2014-10-11;13.02
2014-10-12;9.625
2014-10-14;6.23
2014-10-15;11.04
2014-10-16;10.93
2014-10-17;11.5
2014-10-18;17.95
2014-10-19;27.36
2014-10-20;20.7
2014-10-21;19.09
2014-10-22;37.25
2014-10-23;23.18
2014-10-24;13.84
2014-10-25;15.23
2014-10-26;12.98
2014-10-27;25.91
2014-10-28;26.55
2014-10-29;16.43
2014-10-30;22.19
2014-10-31;18.5
2014-11-01;15.36
2014-11-02;8.73
2014-11-03;14.26
2014-11-04;14.0
2014-11-05;10.97
2014-11-06;15.62
2014-11-07;26.66
2014-11-08;17.55
2014-11-09;8.91
2014-11-10;9.9
2014-11-11;16.12
2014-11-12;17.53
2014-11-13;25.03
2014-11-14;23.99
2014-11-15;24.33
2014-11-16;20.79
2014-11-17;27.005
2014-11-18;33.22
2014-11-19;44.03
2014-11-20;43.04
2014-11-21;30.31
2014-11-22;26.33
2014-11-23;24.27
2014-11-24;13.87
2014-11-25;14.47
2014-11-26;8.59
2014-11-27;9.42
2014-11-28;19.28
2014-11-29;20.78
2014-11-30;30.01
2014-12-01;5.2
2014-12-02;6.13
2014-12-03;14.94
2014-12-04;14.18
2014-12-05;21.41
2014-12-06;15.88
2014-12-07;21.71
2014-12-08;11.78
2014-12-09;17.55
2014-12-10;4.39
2014-12-11;6.88
2014-12-12;6.96
2014-12-13;4.94
2014-12-14;3.48
2014-12-15;4.83
2014-12-16;5.82
2014-12-17;5.08
2014-12-18;4.86
2014-12-19;7.56
2014-12-20;3.5
2014-12-21;7.37
2014-12-22;11.96
2014-12-23;2.06
2014-12-24;2.69
2014-12-25;2.81
2014-12-26;2.93
2014-12-27;5.94
2014-12-28;23.31
2014-12-29;2.22
2014-12-30;5.25
2014-12-31;6.05
2015-01-01;19.98
2015-01-02;13.0
2015-01-03;2.71
2015-01-04;10.6
2015-01-05;3.09
2015-01-06;2.31
2015-01-07;6.83
2015-01-08;2.19
2015-01-09;4.31
2015-01-10;7.63
2015-01-11;7.18
2015-01-12;6.73
2015-01-13;3.93
2015-01-14;4.77
2015-01-15;12.22
2015-01-16;4.77
2015-01-17;11.3
2015-01-18;10.43
2015-01-19;8.1
2015-01-20;4.1
2015-01-21;5.97
2015-01-22;8.28
2015-01-23;2.53
2015-01-24;21.48
2015-01-25;14.44
2015-01-26;9.855
2015-01-27;5.27
2015-01-28;4.36
2015-01-29;3.58
2015-01-30;3.7
2015-01-31;5.14
2015-02-01;16.6
2015-02-02;1.88
2015-02-03;4.96
2015-02-04;4.19
2015-02-05;3.3
2015-02-06;8.89
2015-02-07;11.15
2015-02-09;4.55
2015-02-10;3.84
2015-02-11;2.13
2015-02-12;2.88
2015-02-13;6.37
2015-02-14;3.5
2015-02-15;2.01
2015-02-16;1.65
2015-02-17;4.02
2015-02-18;9.25
2015-02-19;3.79
2015-02-20;3.66
2015-02-21;4.46
2015-02-22;2.5
2015-02-24;2.99
2015-02-25;6.02
2015-02-26;9.79
2015-02-27;8.53
2015-02-28;5.35
2015-03-01;3.43
2015-03-02;5.45
2015-03-03;7.56
2015-03-04;4.61
2015-03-05;6.98
2015-03-06;3.7
2015-03-07;3.36
2015-03-08;3.96
2015-03-09;2.94
2015-03-10;3.49
2015-03-11;4.74
2015-03-12;4.67
2015-03-13;5.15
2015-03-14;4.53
2015-03-15;2.87
2015-03-16;4.02
2015-03-17;3.45
2015-03-18;3.18
2015-03-19;5.05
2015-03-20;4.75
2015-03-21;4.83
2015-03-22;3.09
2015-03-23;3.84
2015-03-24;4.25
2015-03-25;6.06
2015-03-26;13.11
2015-03-27;23.71
2015-03-28;59.72
2015-03-29;36.38
2015-03-30;15.12
2015-03-31;29.32
2015-04-01;48.58
2015-04-02;24.74
2015-04-03;21.8
2015-04-04;26.22
2015-04-05;50.33
2015-04-06;52.97
2015-04-07;7.07
2015-04-08;14.28
2015-04-09;11.476666666666667
2015-04-10;8.673333333333332
2015-04-11;5.87
2015-04-12;4.2
2015-04-13;3.35
2015-04-14;6.06
2015-04-15;6.07
2015-04-16;6.07
2015-04-17;7.08
2015-04-18;7.54
2015-04-19;11.71
2015-04-20;7.68
2015-04-21;7.08
2015-04-22;8.71
2015-04-23;14.3
2015-04-24;13.22
2015-04-25;7.91
2015-04-26;5.48
2015-04-27;5.34
2015-04-28;5.74
2015-04-29;6.55
2015-04-30;5.75
2015-05-01;6.2
2015-05-02;8.74
2015-05-03;14.57
2015-05-04;19.34
2015-05-05;17.53
2015-05-06;7.26
2015-05-07;4.48
2015-05-08;5.9
2015-05-09;5.97
2015-05-10;4.73
2015-05-11;3.89
2015-05-12;3.71
2015-05-13;3.52
2015-05-14;4.82
2015-05-15;3.76
2015-05-16;3.73
2015-05-17;2.97
2015-05-18;3.18
2015-05-19;3.83
2015-05-20;3.33
2015-05-21;3.69
2015-05-22;3.53
2015-05-23;3.23
2015-05-24;3.42
2015-05-25;3.16
2015-05-26;3.07
2015-05-27;4.13
2015-05-28;4.82
2015-05-29;3.12
2015-05-30;3.89
2015-05-31;2.78
2015-06-01;2.86
2015-06-02;2.79
2015-06-03;3.15
2015-06-04;3.13
2015-06-05;5.07
2015-06-06;9.77
2015-06-07;10.32
2015-06-08;16.37
2015-06-09;2.96
2015-06-10;4.37
2015-06-11;4.1
2015-06-12;3.95
2015-06-13;3.45
2015-06-15;3.48
2015-06-16;5.36
2015-06-17;6.46
2015-06-18;7.9
2015-06-19;4.93
2015-06-20;3.59
2015-06-21;4.1
2015-06-22;4.7
2015-06-23;5.85
2015-06-24;4.59
2015-06-25;3.42
2015-06-26;3.86
2015-06-27;3.08
2015-06-28;3.87
2015-06-29;3.34
2015-06-30;3.63
2015-07-01;4.38
2015-07-02;4.02
2015-07-03;3.12
2015-07-04;3.57
2015-07-05;3.29
2015-07-06;4.37
2015-07-07;3.52
2015-07-08;4.7
2015-07-09;4.34
2015-07-10;3.66
2015-07-12;4.08
2015-07-13;3.4
2015-07-14;4.97
2015-07-15;5.1
2015-07-16;3.77
2015-07-17;4.27
2015-07-18;4.65
2015-07-19;3.36
2015-07-22;3.66
2015-07-23;3.49
2015-07-24;3.72
2015-07-25;3.69
2015-07-26;3.41
2015-07-27;3.4
2015-07-28;3.57
2015-07-29;4.0
2015-07-30;3.7
2015-07-31;4.24
2015-08-01;4.16
2015-08-02;3.78
2015-08-03;3.48
2015-08-04;3.89
2015-08-05;4.07
2015-08-06;4.07
2015-08-07;5.72
2015-08-08;4.65
2015-08-09;3.99
2015-08-10;4.41
2015-08-11;3.96
2015-08-12;4.54
2015-08-13;5.03
2015-08-14;6.08
2015-08-15;4.53
2015-08-16;4.41
2015-08-17;4.46
2015-08-18;10.58
2015-08-19;4.22
2015-08-20;4.07
2015-08-21;4.64
2015-08-22;4.9
2015-08-24;5.49
2015-08-25;4.46
2015-08-26;4.25
2015-08-27;4.63
2015-08-28;6.2
2015-08-30;9.41
2015-08-31;18.99
2015-09-01;9.04
2015-09-02;6.59
2015-09-03;4.61
2015-09-04;40.41
2015-09-05;21.25
2015-09-06;13.04
2015-09-07;14.9
2015-09-08;12.36
2015-09-09;13.48
2015-09-10;13.89
2015-09-11;7.98
2015-09-13;22.25
2015-09-14;13.07
2015-09-15;9.01
2015-09-16;6.82
2015-09-17;12.48
2015-09-18;11.82
2015-09-19;11.29
2015-09-20;12.35
2015-09-21;11.66
2015-09-22;11.05
2015-09-23;8.12
2015-09-24;8.32
2015-09-25;9.46
2015-09-26;10.58
2015-09-27;10.48
2015-09-28;8.58
2015-09-29;10.18
2015-09-30;9.31
2015-10-01;8.67
2015-10-02;10.91
2015-10-03;10.85
2015-10-04;20.02
2015-10-05;18.75
2015-10-06;10.18
2015-10-07;7.25
2015-10-08;11.91
2015-10-09;13.09
2015-10-10;8.31
2015-10-11;5.86
2015-10-12;18.13
2015-10-13;10.9
2015-10-14;21.17
2015-10-15;7.39
2015-10-16;8.16
2015-10-17;8.05
2015-10-18;8.47
2015-10-19;10.67
2015-10-20;5.86
2015-10-21;7.8
2015-10-22;7.79
2015-10-23;5.44
2015-10-24;5.8
2015-10-25;6.26
2015-10-26;7.57
2015-10-27;5.97
2015-10-28;11.41
2015-10-29;7.97
2015-10-30;7.12
2015-10-31;4.88
2015-11-01;4.48
2015-11-02;3.19
2015-11-03;13.04
2015-11-04;22.3
2015-11-05;5.97
2015-11-06;20.39
2015-11-07;15.09
2015-11-08;8.48
2015-11-09;13.06
2015-11-10;11.16
2015-11-11;21.94
2015-11-12;20.68
2015-11-13;15.49
2015-11-14;15.55
2015-11-15;13.855
2015-11-16;12.16
2015-11-17;11.11
2015-11-18;13.99
2015-11-19;16.68
2015-11-20;18.78
2015-11-21;19.86
2015-11-22;15.69
2015-11-23;17.2
2015-11-24;18.76
2015-11-25;12.74
2015-11-26;11.41
2015-11-27;14.09
2015-11-28;13.1
2015-11-29;19.32
2015-11-30;17.15
2015-12-01;15.31
2015-12-02;20.63
2015-12-03;17.66
2015-12-04;21.92
2015-12-05;30.35
2015-12-06;31.82
2015-12-07;21.59
2015-12-08;25.77
2015-12-09;24.07
2015-12-10;22.45
2015-12-11;21.84
2015-12-12;21.32
2015-12-13;21.61
2015-12-14;16.93
2015-12-15;22.77
2015-12-16;21.63
2015-12-17;31.1
2015-12-18;29.34
2015-12-19;19.02
2015-12-20;27.86
2015-12-21;22.6
2015-12-22;23.23
2015-12-23;14.17
2015-12-24;11.17
2015-12-25;12.78
2015-12-26;8.98
2015-12-27;18.96
2015-12-28;17.05
2015-12-29;13.77
2015-12-30;17.48
2015-12-31;14.26
2016-01-01;5.38
2016-01-02;5.9
2016-01-03;5.24
2016-01-04;5.29
2016-01-05;5.82
2016-01-06;7.67
2016-01-07;5.58
2016-01-08;6.24
2016-01-09;6.59
2016-01-10;7.83
2016-01-11;8.0
2016-01-12;4.82
2016-01-13;6.14
2016-01-14;5.95
2016-01-15;4.6
2016-01-16;5.14
2016-01-17;6.19
2016-01-18;5.54
2016-01-19;7.36
2016-01-20;6.95
2016-01-21;4.3
2016-01-22;5.49
2016-01-23;4.22
2016-01-24;5.97
2016-01-25;6.74
2016-01-26;6.36
2016-01-27;4.95
2016-01-28;6.1
2016-01-30;5.1
2016-01-31;6.76
2016-02-01;6.22
2016-02-02;4.49
2016-02-03;6.91
2016-02-04;6.02
2016-02-05;7.94
2016-02-06;6.27
2016-02-07;6.02
2016-02-08;5.19
2016-02-09;5.69
2016-02-10;4.97
2016-02-11;4.31
2016-02-12;4.22
2016-02-13;1.89
2016-02-14;1.9899999999999998
2016-02-15;2.09
2016-02-16;2.55
2016-02-17;3.82
2016-02-18;1.78
2016-02-19;2.51
2016-02-20;2.94
2016-02-21;2.08
2016-02-22;2.02
2016-02-23;2.74
2016-02-24;3.06
2016-02-25;2.73
2016-02-26;2.26
2016-02-27;2.71
2016-02-28;3.74
2016-02-29;3.81
2016-03-01;3.02
2016-03-02;2.7800000000000002
2016-03-07;2.54
2016-03-08;4.17
2016-03-09;6.57
2016-03-10;8.68
2016-03-11;8.49
2016-03-12;8.5
2016-03-13;6.84
2016-03-14;13.0
2016-03-15;13.74
2016-03-16;7.97
2016-03-17;6.62
2016-03-18;10.57
2016-03-19;8.97
2016-03-20;11.7
2016-03-21;10.28
2016-03-22;4.83
2016-03-23;9.32
2016-03-25;59.47
2016-03-26;20.99
2016-03-27;10.1
2016-03-28;8.86
2016-03-29;62.23
2016-03-30;29.16
2016-03-31;6.14
2016-04-01;9.74
2016-04-02;10.05
2016-04-03;13.44
2016-04-04;10.98
2016-04-05;7.78
2016-04-06;10.5
2016-04-07;12.23
2016-04-08;13.03
2016-04-09;15.26
2016-04-10;11.89
2016-04-11;21.11
2016-04-12;12.25
2016-04-13;14.56
2016-04-14;16.95
2016-04-15;19.23
2016-04-16;19.73
2016-04-17;21.23
2016-04-18;10.93
2016-04-19;4.94
2016-04-20;5.7
2016-04-21;11.8
2016-04-22;3.75
2016-04-23;4.31
2016-04-24;15.22
2016-04-25;28.37
2016-04-26;6.89
2016-04-27;6.09
2016-04-28;4.4
2016-04-29;8.4
2016-04-30;6.64
2016-05-01;8.17
2016-05-02;10.42
2016-05-03;7.3
2016-05-04;7.24
2016-05-05;6.02
2016-05-06;6.63
2016-05-07;7.7
2016-05-08;10.12
2016-05-09;5.92
2016-05-10;4.76
2016-05-11;8.99
2016-05-12;11.15
2016-05-13;13.18
2016-05-14;7.83
2016-05-15;3.84
2016-05-16;13.22
2016-05-24;18.17
2016-05-26;6.6
2016-05-27;9.55
2016-05-28;5.68
2016-05-30;7.6
2016-05-31;7.23
2016-06-01;7.93
2016-06-02;10.8
2016-06-03;3.53
2016-06-04;2.04
2016-06-15;6.66
2016-06-16;4.65
2016-06-17;3.77
2016-06-18;5.44
2016-06-19;4.64
2016-06-20;3.93
2016-06-21;7.08
2016-06-22;5.08
2016-06-23;4.94
2016-06-24;5.58
2016-06-27;4.4
2016-06-28;4.92
2016-06-29;8.34
2016-06-30;4.48
2016-07-01;9.43
2016-07-02;6.45
2016-07-03;5.88
2016-07-04;9.73
2016-07-05;24.22
2016-07-06;4.54
2016-07-07;3.92
2016-07-08;5.23
2016-07-09;5.29
2016-07-10;5.68
2016-07-11;4.16
2016-07-12;6.05
2016-07-13;5.66
2016-07-14;5.0
2016-07-15;4.73
2016-07-16;4.86
2016-07-17;8.24
2016-07-18;6.34
2016-07-19;7.79
2016-07-20;7.68
2016-07-21;6.42
2016-07-22;7.14
2016-07-23;3.66
2016-07-24;6.43
2016-07-25;5.33
2016-07-26;5.07
2016-07-27;3.86
2016-07-28;4.38
2016-07-29;5.76
2016-07-30;3.81
2016-07-31;4.56
2016-08-01;3.35
2016-08-02;4.32
2016-08-03;2.63
2016-08-04;7.14
2016-08-05;3.32
2016-08-06;4.13
2016-08-07;5.92
2016-08-11;16.31
2016-08-12;4.66
2016-08-13;4.48
2016-08-16;5.78
2016-08-17;14.79
2016-08-18;6.89
2016-08-19;8.27
2016-08-20;6.7
2016-08-21;9.46
2016-08-22;7.3
2016-08-23;6.59
2016-08-24;6.43
2016-08-25;7.48
2016-08-26;8.82
2016-08-27;7.99
2016-08-28;6.91
2016-08-29;7.52
2016-08-30;7.48
2016-08-31;8.55
2016-09-01;8.97
2016-09-02;7.29
2016-09-03;9.55
2016-09-04;8.51
2016-09-05;9.55
2016-09-08;3.76
2016-09-09;3.11
2016-09-10;6.02
2016-09-11;6.15
2016-09-12;7.09
2016-09-13;7.01
2016-09-14;5.96
2016-09-15;11.91
2016-09-16;8.1
2016-09-17;10.59
2016-09-18;7.56
2016-09-19;8.76
2016-09-23;8.77
2016-09-24;8.03
2016-09-25;8.23
2016-09-26;10.7
2016-09-27;9.07
2016-09-28;5.73
2016-09-29;6.0
2016-09-30;5.31
2016-10-01;5.85
2016-10-02;5.95
2016-10-03;5.99
2016-10-04;31.22
2016-10-05;122.64
2016-10-06;5.74
2016-10-07;3.97
2016-10-08;4.53
2016-10-09;2.995
2016-10-10;1.46
2016-10-11;5.24
2016-10-12;8.04
2016-10-13;10.69
2016-10-14;6.21
2016-10-15;3.89
2016-10-16;7.47
2016-10-17;6.93
2016-10-18;9.84
2016-10-19;10.58
2016-10-20;11.01
2016-10-21;4.0
2016-10-22;17.82
2016-10-23;27.43
2016-10-24;27.92
2016-10-25;19.4
2016-10-26;15.12
2016-10-27;11.68
2016-10-28;11.74
2016-10-29;9.4
2016-10-30;8.95
2016-10-31;15.15
2016-11-01;11.61
2016-11-02;11.04
2016-11-03;11.46
2016-11-04;11.58
2016-11-05;11.91
2016-11-06;13.82
2016-11-07;14.55
2016-11-08;12.45
2016-11-09;11.51
2016-11-10;10.26
2016-11-11;3.34
2016-11-12;5.140000000000001
2016-11-14;6.94
2016-11-15;7.08
2016-11-16;7.33
2016-11-17;7.87
2016-11-18;7.73
2016-11-19;8.81
2016-11-20;7.94
2016-11-21;8.48
2016-11-22;7.75
2016-11-23;9.26
2016-11-24;7.69
2016-11-25;7.41
2016-11-26;7.34
2016-11-27;7.71
2016-11-28;10.4
2016-11-29;8.48
2016-11-30;10.78
2016-12-01;11.94
2016-12-02;10.9
2016-12-03;12.02
2016-12-04;11.73
2016-12-05;11.28
2016-12-06;10.72
2016-12-07;10.22
2016-12-08;10.38
2016-12-09;11.39
2016-12-10;11.65
2016-12-11;11.68
2016-12-12;12.19
2016-12-13;12.71
2016-12-14;9.79
2016-12-15;10.58
2016-12-16;10.09
2016-12-17;10.19
2016-12-18;10.99
2016-12-19;10.13
2016-12-20;10.08
2016-12-21;9.63
2016-12-22;9.0
2016-12-23;10.33
2016-12-24;11.72
2016-12-25;11.43
2016-12-26;20.86
